epoch,time,train/box_loss,train/cls_loss,train/dfl_loss,metrics/precision(B),metrics/recall(B),metrics/mAP50(B),metrics/mAP50-95(B),val/box_loss,val/cls_loss,val/dfl_loss,lr/pg0,lr/pg1,lr/pg2
1,87.5879,1.3548,2.63218,1.51133,0.3412,0.56308,0.37116,0.23025,1.31114,2.32762,1.44668,0.0671507,0.000331811,0.000331811
2,177.799,1.07184,1.80927,1.28829,0.58574,0.71666,0.67557,0.45816,1.16702,1.55258,1.31971,0.034144,0.000658494,0.000658494
