{
  "batch": 16,
  "degrees": 0.01336678075573472,
  "fliplr": 0.25223348475253676,
  "hsv_h": 0.025166804231601173,
  "hsv_s": 0.670122948392864,
  "hsv_v": 0.10974989167768132,
  "lr0": 0.0028875899337697402,
  "lrf": 1.4026707974095094e-05,
  "mixup": 0.16460308761846165,
  "momentum": 0.879355229753037,
  "mosaic": 0.8312654351989561,
  "optimizer": "Adam",
  "weight_decay": 2.7832175103615595e-05
}
